customer_id,name,country,signup_date
C0001,Customer 1,India,2025-01-29
C0002,Customer 2,Germany,2025-12-10
C0003,Customer 3,USA,2025-08-19
C0004,Customer 4,India,2025-10-12
C0005,Customer 5,UK,2025-01-10
C0006,Customer 6,UK,2025-11-08
C0007,Customer 7,India,2025-05-20
C0008,Customer 8,India,2025-12-07
C0009,Customer 9,USA,2025-09-02
C0010,Customer 10,UK,2025-04-08
C0011,Customer 11,UK,2025-12-09
C0012,Customer 12,UK,2025-09-12
C0013,Customer 13,USA,2025-05-22
C0014,Customer 14,UK,2025-05-07
C0015,Customer 15,India,2025-08-02
C0016,Customer 16,USA,2024-11-29
C0017,Customer 17,France,2024-12-30
C0018,Customer 18,Germany,2025-07-01
C0019,Customer 19,USA,2025-10-04
C0020,Customer 20,Germany,2024-11-27
C0021,Customer 21,,2025-10-31
C0022,Customer 22,India,2025-06-11
C0023,Customer 23,Germany,2025-06-22
C0024,Customer 24,Germany,2025-02-16
C0025,Customer 25,France,2025-11-30
C0026,Customer 26,India,2025-03-23
C0027,Customer 27,India,2025-06-12
C0028,Customer 28,Germany,2025-03-15
C0029,Customer 29,UK,2025-02-04
C0030,Customer 30,UK,2025-06-20
C0031,Customer 31,India,2025-09-15
C0032,Customer 32,,2025-11-29
C0033,Customer 33,India,2025-07-27
C0034,Customer 34,India,2025-08-25
C0035,Customer 35,Germany,2025-06-11
C0036,Customer 36,Germany,2025-05-04
C0037,Customer 37,Germany,2025-09-30
C0038,Customer 38,USA,2025-06-24
C0039,Customer 39,Germany,2025-01-13
C0040,Customer 40,India,2024-12-28
C0041,Customer 41,USA,2025-02-14
C0042,Customer 42,USA,2025-03-24
C0043,Customer 43,France,2025-09-30
C0044,Customer 44,Germany,2025-06-11
C0045,Customer 45,UK,2025-01-29
C0046,Customer 46,Germany,2025-09-01
C0047,Customer 47,USA,2025-11-24
C0048,Customer 48,Germany,2025-12-06
C0049,Customer 49,Germany,2025-05-31
C0050,Customer 50,,2025-11-19
C0051,Customer 51,Germany,2025-03-07
C0052,Customer 52,France,2025-09-05
C0053,Customer 53,France,2025-06-03
C0054,Customer 54,,2025-10-10
C0055,Customer 55,USA,2025-10-12
C0056,Customer 56,UK,2024-12-06
C0057,Customer 57,Germany,2025-03-22
C0058,Customer 58,UK,2024-12-05
C0059,Customer 59,UK,2025-05-17
C0060,Customer 60,Germany,2025-06-01
C0061,Customer 61,USA,2025-09-01
C0062,Customer 62,France,2025-04-06
C0063,Customer 63,India,2025-11-06
C0064,Customer 64,USA,2025-10-27
C0065,Customer 65,USA,2025-02-04
C0066,Customer 66,France,2025-01-08
C0067,Customer 67,India,2025-02-20
C0068,Customer 68,France,2025-06-08
C0069,Customer 69,France,2025-02-20
C0070,Customer 70,Germany,2025-03-27
C0071,Customer 71,India,2025-03-14
C0072,Customer 72,India,2025-01-08
C0073,Customer 73,UK,2025-01-07
C0074,Customer 74,Germany,2024-12-03
C0075,Customer 75,Germany,2025-01-28
C0076,Customer 76,Germany,2025-10-26
C0077,Customer 77,USA,2025-05-14
C0078,Customer 78,India,2025-05-04
C0079,Customer 79,,2024-12-18
C0080,Customer 80,USA,2025-04-10
C0081,Customer 81,India,2025-04-07
C0082,Customer 82,Germany,2025-02-05
C0083,Customer 83,UK,2025-01-29
C0084,Customer 84,USA,2025-02-14
C0085,Customer 85,Germany,2025-10-05
C0086,Customer 86,USA,2024-11-27
C0087,Customer 87,UK,2025-03-21
C0088,Customer 88,UK,2025-12-22
C0089,Customer 89,France,2025-07-10
C0090,Customer 90,India,2025-12-13
C0091,Customer 91,Germany,2025-06-20
C0092,Customer 92,India,2025-08-22
C0093,Customer 93,UK,2025-08-21
C0094,Customer 94,India,2025-11-12
C0095,Customer 95,France,2024-12-13
C0096,Customer 96,UK,2025-11-17
C0097,Customer 97,USA,2025-10-19
C0098,Customer 98,France,2025-01-19
C0099,Customer 99,USA,2025-03-16
C0100,Customer 100,UK,2025-08-09
C0101,Customer 101,France,2025-02-15
C0102,Customer 102,UK,2025-09-05
C0103,Customer 103,USA,2024-12-01
C0104,Customer 104,Germany,2024-12-22
C0105,Customer 105,,2025-06-01
C0106,Customer 106,UK,2025-05-12
C0107,Customer 107,India,2025-05-05
C0108,Customer 108,USA,2025-08-18
C0109,Customer 109,Germany,2025-11-20
C0110,Customer 110,UK,2025-12-12
C0111,Customer 111,,2025-03-14
C0112,Customer 112,USA,2025-02-24
C0113,Customer 113,India,2025-12-19
C0114,Customer 114,India,2024-12-25
C0115,Customer 115,India,2025-08-27
C0116,Customer 116,,2025-12-06
C0117,Customer 117,UK,2025-11-16
C0118,Customer 118,Germany,2025-08-23
C0119,Customer 119,France,2025-01-14
C0120,Customer 120,UK,2025-09-04
