order_id,customer_id,order_date,amount,currency
O00056,C0099,2026-03-26,41.73,EUR
O00141,C0035,21/05/2026,285.6,USD
O00176,C0118,2026-02-14,265.83,USD
O00057,C0087,2026-03-13,211.12,USD
O00342,C0084,2026-01-11,326.78,USD
O00297,C0109,2026-05-04,56.66,EUR
O00378,C0048,2026-01-07,167.63,USD
O00070,C0071,2026-02-14,130.87,USD
O00177,C0082,2026-03-13,240.35,EUR
O00328,C0116,12/06/2026,211.33,EUR
O00397,C0095,2026-06-18,312.03,USD
O00138,C0089,2026-01-05,100.31,EUR
O00311,C0045,2026-03-11,212.25,EUR
O00094,C0060,2026-01-17,142.39,USD
O00078,C0054,2026-06-06,43.04,USD
O00387,C0102,2026-02-01,176.63,EUR
O00091,C0043,2026-01-20,105.28,USD
O00302,C0040,2026-01-08,285.54,EUR
O00174,C0098,28/05/2026,22.99,USD
O00146,C0025,2026-06-02,53.7,EUR
O00134,C0002,2026-06-02,121.36,USD
O00010,C0108,2026-01-26,399.72,EUR
O00073,C0102,2026-04-24,211.8,USD
O00322,C0003,2026-06-13,59.34,USD
O00074,C0085,13/02/2026,124.26,USD
O00210,C0044,2026-01-20,388.14,USD
O00226,C0076,19/01/2026,148.04,USD
O00083,C0032,2026-06-28,34.33,USD
O00154,C0073,2026-06-25,72.44,EUR
O00219,C0019,15/01/2026,159.31,EUR
O00249,C0082,2026-06-22,161.69,EUR
O00031,C0091,2026-03-14,335.99,EUR
O00343,C0020,2026-02-18,198.12,USD
O00071,C0101,01/01/2026,95.92,USD
O00133,C0036,2026-02-24,114.47,USD
O00034,C0034,2026-06-19,353.08,EUR
O00247,C0002,2026-05-23,319.41,USD
O00288,C0033,25/01/2026,135.32,USD
O00135,C0093,2026-05-13,47.96,USD
O00224,C0103,28/04/2026,18.62,EUR
O00363,C0017,2026-06-19,310.03,USD
O00016,C0025,23/05/2026,202.37,USD
O00117,C0074,2026-01-28,372.62,USD
O00001,C0074,2026-02-03,354.72,USD
O00020,C0109,2026-02-10,210.51,EUR
O00266,C0027,04/03/2026,317.99,USD
O00366,C0093,23/04/2026,155.26,EUR
O00127,C0100,2026-03-11,369.05,USD
O00273,C0017,2026-03-24,117.17,EUR
O00252,C0106,2026-06-06,39.34,EUR
O00077,C0061,2026-02-07,109.26,EUR
O00352,C0075,2026-06-04,143.34,USD
O00095,C0050,2026-04-17,335.66,EUR
O00026,C0039,2026-03-09,273.6,USD
O00375,C0058,14/03/2026,76.72,EUR
O00290,C0056,2026-01-18,47.87,EUR
O00275,C0014,2026-04-25,212.6,USD
O00204,C0050,02/05/2026,327.39,USD
O00103,C0069,2026-04-30,,USD
O00110,C0029,2026-05-19,381.49,EUR
O00043,C0107,26/06/2026,225.05,USD
O00393,C0101,2026-01-18,224.47,USD
O00080,C0089,2026-05-07,71.81,USD
O00040,C0034,01/01/2026,65.37,USD
O00357,C0086,2026-06-25,50.98,USD
O00325,C0068,2026-01-28,241.72,EUR
O00262,C0046,2026-04-05,391.47,USD
O00371,C0021,2026-04-08,176.18,USD
O00023,C0011,2026-03-05,,USD
O00047,C0114,2026-06-20,315.34,EUR
O00230,C0003,2026-05-28,284.22,EUR
O00119,C0081,2026-02-20,280.89,EUR
O00085,C0097,2026-05-16,244.25,USD
O00079,C0050,11/06/2026,291.56,USD
O00058,C0113,2026-05-18,25.63,USD
O00111,C0006,2026-06-16,383.55,EUR
O00025,C0031,08/03/2026,290.73,EUR
O00018,C0007,19/05/2026,135.74,EUR
O00235,C0033,2026-04-01,,EUR
O00338,C0005,2026-05-10,192.77,EUR
O00032,C0084,2026-03-19,395.08,USD
O00285,C0111,2026-06-16,227.26,USD
O00166,C0083,2026-02-20,224.66,USD
O00250,C0004,2026-04-06,105.02,EUR
O00365,C0022,2026-06-27,326.48,USD
O00194,C0025,2026-03-04,70.69,USD
O00153,C0081,2026-01-17,43.52,USD
O00006,C0014,2026-04-14,323.23,USD
O00046,C0032,2026-01-11,95.88,USD
O00105,C0111,2026-01-07,180.02,EUR
O00313,C0029,2026-05-05,133.74,USD
O00125,C0020,2026-06-12,192.0,USD
O00384,C0028,02/01/2026,22.32,USD
O00114,C0090,2026-01-30,98.92,USD
O00298,C0074,2026-05-23,308.6,USD
O00004,C0007,2026-04-19,347.58,USD
O00019,C0068,30/05/2026,,USD
O00197,C0106,29/03/2026,210.48,USD
O00061,C0015,2026-03-22,393.93,USD
O00193,C0061,2026-06-30,336.37,EUR
O00142,C0025,2026-03-20,61.45,EUR
O00064,C0086,25/06/2026,300.65,USD
O00263,C0016,16/01/2026,88.08,USD
O00327,C0066,26/02/2026,79.73,USD
O00196,C0054,2026-01-18,319.15,EUR
O00178,C0053,2026-05-06,195.95,USD
O00061,C0015,2026-03-22,393.93,USD
O00391,C0054,2026-01-01,107.62,USD
O00254,C0039,2026-01-30,379.31,EUR
O00156,C0029,2026-04-17,319.44,USD
O00356,C0107,2026-03-26,272.99,USD
O00239,C0038,2026-04-04,49.7,USD
O00109,C0096,2026-03-06,196.07,USD
O00102,C0108,2026-06-23,293.81,USD
O00195,C0111,2026-06-03,353.54,USD
O00030,C0048,31/03/2026,353.52,USD
O00319,C0006,2026-04-01,346.78,EUR
O00388,C0116,2026-06-09,57.68,USD
O00269,C0036,2026-02-07,244.45,USD
O00115,C0078,2026-03-07,79.6,USD
O00238,C0075,2026-01-11,184.72,USD
O00076,C0026,2026-03-02,101.49,USD
O00354,C0091,2026-06-28,64.65,USD
O00132,C0063,2026-01-08,140.13,USD
O00017,C0095,17/03/2026,37.52,EUR
O00067,C0042,2026-03-18,271.75,USD
O00315,C0098,19/03/2026,310.43,USD
O00008,C0112,2026-04-19,193.11,EUR
O00341,C0115,2026-05-29,319.85,USD
O00149,C0082,2026-05-22,378.47,EUR
O00369,C0087,2026-05-01,89.7,USD
O00306,C0021,2026-02-25,189.65,USD
O00245,C0087,2026-02-06,101.86,USD
O00398,C0044,2026-03-27,,EUR
O00276,C0006,2026-04-26,378.99,USD
O00110,C0029,2026-05-19,381.49,EUR
O00173,C0087,2026-03-06,103.14,EUR
O00185,C0064,2026-02-18,254.71,USD
O00367,C0097,2026-03-02,,USD
O00308,C0021,2026-06-02,35.25,EUR
O00084,C0086,2026-02-01,323.55,USD
O00267,C0076,2026-01-18,228.37,USD
O00158,C0080,2026-05-31,132.57,USD
O00075,C0097,2026-06-12,50.95,USD
O00392,C0047,2026-02-17,47.96,USD
O00120,C0109,2026-03-04,312.41,EUR
O00211,C0110,2026-06-09,265.19,USD
O00221,C0112,16/02/2026,45.4,EUR
O00374,C0016,2026-01-27,213.63,USD
O00286,C0053,2026-02-25,356.92,USD
O00182,C0099,2026-01-23,139.46,USD
O00321,C0091,2026-03-22,235.76,USD
O00037,C0065,2026-02-22,343.37,USD
O00140,C0096,22/05/2026,178.82,USD
O00305,C0068,2026-06-12,50.33,USD
O00169,C0060,2026-05-26,184.07,USD
O00334,C0082,2026-06-24,232.33,USD
O00299,C0099,2026-02-27,340.38,USD
O00060,C0094,2026-01-10,182.31,EUR
O00112,C0003,2026-01-08,91.75,USD
O00229,C0046,04/05/2026,161.83,EUR
O00356,C0107,2026-03-26,272.99,USD
O00007,C0018,2026-03-05,221.47,EUR
O00323,C0059,2026-03-25,379.83,EUR
O00287,C0094,2026-03-28,168.51,USD
O00159,C0098,2026-01-16,,USD
O00151,C0007,01/05/2026,,USD
O00011,C0109,2026-01-04,371.65,USD
O00209,C0020,2026-02-06,267.09,USD
O00104,C0085,2026-01-07,,USD
O00082,C0103,28/01/2026,99.25,USD
O00223,C0033,30/05/2026,192.54,EUR
O00348,C0087,2026-03-14,313.17,USD
O00168,C0096,16/01/2026,133.43,EUR
O00390,C0055,2026-05-28,70.28,EUR
O00240,C0017,2026-03-25,82.62,USD
O00259,C0036,2026-05-06,376.54,USD
O00199,C0020,29/05/2026,203.51,USD
O00181,C0059,13/04/2026,226.79,USD
O00090,C0057,2026-05-14,107.11,USD
O00333,C0058,2026-04-29,307.55,USD
O00164,C0030,2026-06-29,42.4,USD
O00148,C0007,2026-05-17,32.52,EUR
O00248,C0087,2026-03-09,190.09,USD
O00093,C0028,01/03/2026,73.83,USD
O00070,C0071,2026-02-14,130.87,USD
O00124,C0047,2026-04-18,55.63,USD
O00097,C0046,2026-05-28,17.27,USD
O00144,C0062,2026-06-26,98.31,EUR
O00317,C0091,2026-04-21,161.38,EUR
O00098,C0107,18/03/2026,343.58,USD
O00251,C0118,2026-06-08,231.14,USD
O00069,C0096,2026-04-18,160.97,USD
O00024,C0041,2026-04-18,232.61,USD
O00038,C0007,2026-05-06,364.64,EUR
O00145,C0068,2026-03-12,390.99,USD
O00123,C0109,2026-01-18,146.37,USD
O00368,C0104,25/04/2026,107.08,EUR
O00183,C0001,14/04/2026,332.6,USD
O00068,C0025,2026-04-14,228.45,USD
O00203,C0041,2026-03-01,173.15,USD
O00246,C0103,2026-06-22,387.4,USD
O00232,C0117,2026-06-25,389.84,USD
O00278,C0055,2026-01-16,341.21,USD
O00361,C0065,2026-01-20,318.43,EUR
O00212,C0049,2026-03-26,345.85,USD
O00126,C0084,2026-04-22,215.87,EUR
O00147,C0002,17/03/2026,84.08,EUR
O00256,C0096,04/02/2026,157.84,USD
O00087,C0115,2026-04-20,225.93,USD
O00350,C0050,2026-01-17,229.82,USD
O00330,C0026,2026-02-07,71.38,EUR
O00351,C0117,14/03/2026,342.85,EUR
O00292,C0072,2026-05-23,383.3,EUR
O00339,C0083,15/01/2026,125.52,USD
O00376,C0117,12/05/2026,183.43,EUR
O00184,C0007,2026-06-18,192.86,USD
O00220,C0102,2026-03-04,232.88,USD
O00335,C0041,2026-06-09,388.82,USD
O00228,C0050,27/04/2026,91.7,USD
O00295,C0046,2026-01-14,246.16,USD
O00130,C0097,23/01/2026,188.56,EUR
O00039,C0006,24/01/2026,334.3,USD
O00012,C0028,2026-03-02,201.97,EUR
O00282,C0077,2026-05-21,161.65,USD
O00186,C0035,10/06/2026,34.87,USD
O00362,C0005,2026-05-19,355.22,USD
O00113,C0086,2026-06-09,63.6,EUR
O00180,C0085,26/03/2026,205.76,USD
O00303,C0019,2026-03-28,84.84,USD
O00281,C0075,2026-01-17,255.36,EUR
O00272,C0076,04/01/2026,318.55,USD
O00118,C0092,2026-06-23,159.49,USD
O00383,C0079,2026-02-05,195.61,USD
O00389,C0066,2026-05-08,21.33,USD
O00400,C0018,2026-06-28,85.18,USD
O00300,C0004,2026-06-09,262.44,USD
O00234,C0103,2026-03-15,103.6,USD
O00377,C0120,26/02/2026,355.58,USD
O00394,C0061,2026-05-10,165.32,USD
O00165,C0085,09/03/2026,255.65,USD
O00361,C0065,2026-01-20,318.43,EUR
O00137,C0102,02/05/2026,203.97,USD
O00155,C0072,2026-03-19,110.55,EUR
O00200,C0071,2026-04-25,147.87,USD
O00198,C0076,01/01/2026,129.94,EUR
O00314,C0027,2026-04-12,36.09,USD
O00003,C0046,2026-02-18,268.71,EUR
O00233,C0116,2026-06-05,335.64,USD
O00205,C0020,19/06/2026,266.03,USD
O00116,C0040,2026-01-30,78.05,USD
O00291,C0017,25/01/2026,158.47,USD
O00396,C0031,2026-01-05,41.01,USD
O00027,C0010,2026-04-28,304.47,USD
O00121,C0073,25/06/2026,61.61,USD
O00397,C0095,2026-06-18,312.03,USD
O00225,C0021,30/04/2026,275.88,USD
O00336,C0081,08/02/2026,195.53,USD
O00279,C0057,25/06/2026,289.27,EUR
O00128,C0076,04/05/2026,332.91,USD
O00395,C0033,2026-01-12,392.7,USD
O00108,C0054,2026-04-08,381.21,EUR
O00347,C0048,2026-05-15,76.12,USD
O00134,C0002,2026-06-02,121.36,USD
O00358,C0040,2026-04-19,22.02,USD
O00045,C0102,2026-01-11,361.11,USD
O00382,C0107,2026-03-15,196.9,USD
O00066,C0016,2026-03-26,270.4,USD
O00086,C0065,24/04/2026,291.92,USD
O00243,C0112,04/05/2026,128.63,USD
O00187,C0113,21/05/2026,125.89,EUR
O00160,C0011,2026-02-23,116.89,USD
O00013,C0001,2026-04-13,78.39,USD
O00036,C0044,2026-03-11,96.09,EUR
O00029,C0017,2026-01-19,209.77,USD
O00171,C0077,2026-05-09,183.54,USD
O00143,C0098,22/03/2026,221.31,EUR
O00332,C0064,20/01/2026,312.55,EUR
O00284,C0084,2026-01-26,59.05,USD
O00222,C0117,2026-04-08,107.72,USD
O00096,C0113,30/05/2026,22.52,USD
O00052,C0014,2026-03-05,318.14,EUR
O00241,C0065,2026-05-19,155.86,USD
O00312,C0076,21/04/2026,276.11,EUR
O00318,C0104,2026-02-28,335.84,USD
O00179,C0021,2026-03-27,55.27,USD
O00042,C0114,2026-05-24,43.97,EUR
O00324,C0109,2026-06-26,48.93,USD
O00207,C0057,2026-03-26,351.56,USD
O00283,C0056,2026-05-16,209.64,EUR
O00255,C0069,07/05/2026,105.4,EUR
O00385,C0068,2026-02-08,294.99,USD
O00005,C0008,2026-06-22,263.78,USD
O00257,C0096,2026-06-28,176.36,USD
O00372,C0033,21/02/2026,68.28,USD
O00101,C0086,2026-04-22,164.71,USD
O00227,C0033,2026-03-18,178.36,USD
O00355,C0102,22/01/2026,160.02,USD
O00214,C0081,2026-05-19,41.34,EUR
O00172,C0078,2026-01-11,297.8,USD
O00099,C0103,2026-04-18,297.83,USD
O00293,C0112,2026-03-26,173.16,USD
O00216,C0082,2026-01-24,52.9,USD
O00062,C0006,2026-04-09,88.18,USD
O00048,C0119,2026-04-15,303.55,USD
O00033,C0039,2026-05-16,,EUR
O00268,C0100,2026-02-25,104.7,USD
O00201,C0112,2026-05-20,374.15,USD
O00370,C0037,2026-05-27,192.75,USD
O00028,C0013,2026-01-03,399.4,USD
O00326,C0044,2026-01-21,134.46,USD
O00231,C0111,18/06/2026,18.12,USD
O00261,C0088,2026-03-02,53.25,USD
O00289,C0061,2026-04-06,279.43,USD
O00163,C0037,2026-03-16,125.92,EUR
O00353,C0084,2026-06-19,149.68,EUR
O00139,C0061,2026-03-04,238.9,USD
O00063,C0069,2026-04-22,371.35,EUR
O00136,C0089,2026-04-15,306.89,USD
O00129,C0120,2026-03-10,109.52,USD
O00009,C0071,2026-01-20,346.62,USD
O00065,C0086,20/02/2026,41.94,USD
O00301,C0035,2026-06-05,334.34,USD
O00015,C0101,2026-03-15,383.57,USD
O00157,C0039,14/05/2026,364.77,USD
O00041,C0055,11/02/2026,227.4,USD
O00381,C0005,16/06/2026,71.23,USD
O00337,C0046,2026-03-19,242.7,USD
O00217,C0089,2026-06-30,185.82,USD
O00280,C0019,19/01/2026,139.01,USD
O00359,C0099,2026-02-16,146.57,USD
O00237,C0083,2026-02-05,362.81,USD
O00208,C0093,26/01/2026,190.92,USD
O00213,C0063,2026-03-23,356.66,USD
O00296,C0085,2026-01-27,96.9,USD
O00379,C0029,2026-03-02,46.42,USD
O00252,C0106,2026-06-06,39.34,EUR
O00229,C0046,04/05/2026,161.83,EUR
O00380,C0092,2026-01-08,53.15,USD
O00304,C0095,2026-05-25,41.79,USD
O00270,C0103,2026-02-07,222.98,USD
O00202,C0050,2026-02-18,106.94,USD
O00162,C0061,2026-01-01,,USD
O00044,C0017,2026-04-05,72.02,USD
O00218,C0102,18/03/2026,32.71,USD
O00191,C0107,30/01/2026,60.22,USD
O00310,C0054,19/06/2026,248.72,USD
O00260,C0057,2026-01-09,98.65,USD
O00106,C0042,2026-04-29,115.16,EUR
O00054,C0040,2026-02-21,192.22,USD
O00002,C0053,2026-05-02,197.09,EUR
O00050,C0095,2026-02-15,24.54,USD
O00081,C0114,2026-01-02,346.27,USD
O00206,C0076,2026-05-07,63.6,USD
O00035,C0020,30/01/2026,300.83,USD
O00264,C0082,27/04/2026,96.66,EUR
O00092,C0020,2026-03-23,46.02,USD
O00340,C0060,24/01/2026,210.22,USD
O00053,C0029,08/04/2026,345.56,USD
O00346,C0057,2026-02-14,287.43,EUR
O00265,C0043,2026-06-02,34.47,USD
O00242,C0106,2026-03-11,113.93,USD
O00014,C0059,10/04/2026,316.87,EUR
O00316,C0064,2026-03-07,61.19,EUR
O00089,C0100,2026-03-05,121.76,USD
O00274,C0061,2026-04-18,302.08,USD
O00167,C0010,2026-02-08,333.25,USD
O00329,C0083,2026-03-31,383.92,USD
O00147,C0002,17/03/2026,84.08,EUR
O00135,C0093,2026-05-13,47.96,USD
O00307,C0073,2026-04-05,139.89,USD
O00399,C0060,14/06/2026,314.97,EUR
O00320,C0111,2026-04-22,369.65,EUR
O00244,C0010,2026-03-28,195.31,USD
O00055,C0052,2026-02-28,269.11,EUR
O00364,C0107,2026-06-02,77.47,USD
O00051,C0086,2026-03-27,173.51,USD
O00175,C0098,2026-06-22,236.86,USD
O00190,C0029,22/05/2026,172.08,EUR
O00063,C0069,2026-04-22,371.35,EUR
O00188,C0081,28/06/2026,26.11,USD
O00170,C0035,26/06/2026,169.97,USD
O00059,C0034,08/03/2026,385.58,EUR
O00049,C0104,2026-03-02,390.84,USD
O00345,C0083,2026-03-29,47.47,USD
O00236,C0088,2026-06-23,310.48,USD
O00253,C0053,2026-04-29,131.34,USD
O00022,C0073,02/03/2026,,USD
O00314,C0027,2026-04-12,36.09,USD
O00161,C0021,10/02/2026,227.52,EUR
O00277,C0004,2026-06-18,191.35,USD
O00192,C0066,2026-02-09,290.89,USD
O00386,C0039,19/04/2026,125.92,EUR
O00294,C0118,20/06/2026,177.83,USD
O00344,C0108,2026-01-16,327.22,USD
O00258,C0107,2026-02-09,267.14,USD
O00309,C0057,08/06/2026,46.41,EUR
O00150,C0037,2026-05-06,19.72,EUR
O00131,C0044,2026-04-29,272.25,USD
O00152,C0106,06/03/2026,198.93,USD
O00360,C0020,2026-05-05,399.99,EUR
O00100,C0035,2026-06-04,202.97,USD
O00373,C0071,2026-01-14,351.54,USD
O00088,C0034,2026-02-10,197.75,USD
O00331,C0084,2026-02-14,307.68,USD
O00215,C0096,2026-06-25,399.01,USD
O00122,C0048,2026-01-11,179.93,USD
O00038,C0007,2026-05-06,364.64,EUR
O00021,C0111,2026-02-17,41.16,EUR
O00189,C0040,05/06/2026,288.27,USD
O00072,C0057,2026-05-29,139.07,USD
O00107,C0113,2026-02-24,144.94,USD
O00271,C0017,2026-02-14,348.58,EUR
O00349,C0043,2026-06-03,257.89,EUR
O00103,C0069,2026-04-30,,USD
