refund_id,order_id,refund_amount,refund_date
R0001,O00232,302.16,2026-07-12
R0002,O00089,64.37,2026-03-19
R0003,O00366,133.32,2026-04-26
R0004,O00228,27.53,2026-05-08
R0005,O00045,257.79,2026-01-26
R0006,O00350,131.61,2026-02-03
R0007,O00164,63.6,2026-07-17
R0008,O00342,232.61,2026-01-17
R0009,O00178,159.55,2026-05-11
R0010,O00364,42.31,2026-06-04
R0011,O00034,305.45,2026-07-06
R0012,O00282,52.12,2026-05-27
R0013,O00278,112.45,2026-01-24
R0014,O00149,180.46,2026-06-08
R0015,O00154,66.35,2026-06-28
R0016,O00081,519.4,2026-01-20
R0017,O00365,136.98,2026-07-07
R0018,O00359,101.36,2026-02-19
R0019,O00327,48.0,2026-03-04
R0020,O00090,72.13,2026-06-02
R0021,O00186,52.3,2026-06-30
R0022,O00261,41.35,2026-03-22
R0023,O00115,37.42,2026-03-26
R0024,O00063,86.51,2026-04-23
R0025,O00103,104.03,2026-05-19
R0026,O00072,57.26,2026-06-05
R0027,O00122,146.39,2026-01-25
R0028,O00253,91.21,2026-04-30
R0029,O00014,189.62,2026-04-28
R0030,O00185,109.97,2026-02-28
R0031,O00284,34.62,2026-02-08
R0032,O00294,77.88,2026-06-23
R0033,O00189,216.46,2026-06-11
R0034,O00240,45.58,2026-04-10
R0035,O00283,119.82,2026-05-27
R0036,O00067,407.62,2026-03-29
R0037,O00314,32.09,2026-04-23
R0038,O00159,236.15,2026-01-28
R0039,O00204,320.94,2026-05-07
R0040,O00368,86.58,2026-05-12
R0041,O90000,42.65,2026-03-15
R0042,O90001,41.47,2026-02-11
R0043,O90002,16.78,2026-03-21
